filename,datetime_original,phash
01.ready.jpg,,80fefe3e00a0f672
KakaoTalk_20251019_114318077.jpg,2025:10:19 11:39:17,91c3b3d9685646e9
KakaoTalk_20251019_114318077_01.jpg,2025:10:19 11:39:17,9189b3d968566ab9
KakaoTalk_20251019_114318077_02.jpg,2025:10:19 11:39:17,9189b3d968546bb9
KakaoTalk_20251019_114318077_03.jpg,2025:10:19 11:39:13,b88cb6666c96e2a5
KakaoTalk_20251019_114318077_04.jpg,2025:10:19 11:39:09,998c8d6f9685625b
KakaoTalk_20251019_114318077_05.jpg,2025:10:19 11:39:08,98ced72c2f0b16a6
KakaoTalk_20251019_114318077_06.jpg,2025:10:19 11:39:08,99c4d42c6f0b1fa6
KakaoTalk_20251019_114318077_07.jpg,2025:10:19 11:39:07,99c4d52d2f0b17a5
KakaoTalk_20251019_114318077_08.jpg,2025:10:19 11:39:06,99ce94264f5b27a1
KakaoTalk_20251019_114318077_09.jpg,2025:10:19 11:39:06,93dc9c2c5a5b26a3
KakaoTalk_20251019_114318077_10.jpg,2025:10:19 11:39:05,939cbc2e5b59a4a1
KakaoTalk_20251019_114318077_11.jpg,2025:10:19 11:39:04,919cb527534be4c9
KakaoTalk_20251019_114318077_12.jpg,2025:10:19 11:39:04,939abd2793534643
KakaoTalk_20251019_114318077_13.jpg,2025:10:19 11:39:03,919abd27965b4643
KakaoTalk_20251019_114318077_14.jpg,2025:10:19 11:39:03,91cc9e262f4b4d65
KakaoTalk_20251019_114318077_15.jpg,2025:10:19 11:39:02,99ccde166f092e26
KakaoTalk_20251019_114318077_16.jpg,2025:10:19 11:39:01,99cedc262f0b3686
KakaoTalk_20251019_114318077_17.jpg,2025:10:19 11:39:01,99ced7272f09a690
KakaoTalk_20251019_114318077_18.jpg,2025:10:19 11:39:00,9980f5e46ac99da6
KakaoTalk_20251019_114318077_19.jpg,2025:10:19 11:38:58,98029dea6263bd7c
KakaoTalk_20251019_114318077_20.jpg,2025:10:19 11:38:56,b8209bce4cc79d59
KakaoTalk_20251019_114318077_21.jpg,2025:10:19 11:38:54,b1b50b52e5b466a6
KakaoTalk_20251019_114318077_22.jpg,2025:10:19 11:38:53,b8b28709c97c9667
KakaoTalk_20251019_114318077_23.jpg,2025:10:19 11:38:52,b8b29709cbb09c2f
KakaoTalk_20251019_114318077_24.jpg,2025:10:19 11:38:51,bcfab70949c4b18c
KakaoTalk_20251019_114318077_25.jpg,2025:10:19 11:38:50,b8f8b70909ccb38d
KakaoTalk_20251019_114318077_26.jpg,2025:10:19 11:38:50,b8f8b7090bc6b18d
KakaoTalk_20251019_114318077_27.jpg,2025:10:19 11:38:48,b9f0b60b0385c99f
KakaoTalk_20251019_114318077_28.jpg,2025:10:19 11:38:47,b9f0b60b0385599f
KakaoTalk_20251019_114318077_29.jpg,2025:10:19 11:38:47,b8f4b60b8789319d
KakaoTalk_20251019_114939822.jpg,2025:10:19 11:48:56,8e4db6932c8e936c
KakaoTalk_20251019_114939822_01.jpg,2025:10:19 11:48:57,8f49a7936486b72c
KakaoTalk_20251019_114939822_02.jpg,2025:10:19 11:48:58,8349a7d36686b7a4
KakaoTalk_20251019_114939822_03.jpg,2025:10:19 11:48:59,8f49a69b66c497a4
KakaoTalk_20251019_114939822_04.jpg,2025:10:19 11:48:59,8f49a69b0ec497b4
KakaoTalk_20251019_114939822_05.jpg,2025:10:19 11:49:00,8e4ba6924ecc97b4
KakaoTalk_20251019_132901748.jpg,,b3684c626c999b9d
KakaoTalk_20251019_142837332.jpg,2025:10:19 13:20:47,f069a5dc9b929256
KakaoTalk_20251019_142837332_01.jpg,2025:10:19 13:20:45,f16da746199a9a92
KakaoTalk_20251019_142837332_02.jpg,2025:10:19 13:20:43,f069a71c9bd29316
KakaoTalk_20251019_142837332_03.jpg,2025:10:19 13:20:42,f169a715c91293d6
KakaoTalk_20251019_142837332_04.jpg,2025:10:19 13:20:40,f8bb9c551a22a49d
KakaoTalk_20251019_171338299.jpg,2025:10:19 09:39:12,956994925a5cb45f
KakaoTalk_20251019_171338299_01.jpg,2025:10:19 09:48:38,dfd7e068c8160f98
KakaoTalk_20251019_171338299_02.jpg,2025:10:19 13:32:32,b1e2b45c3e91a798
KakaoTalk_20251019_171338299_03.jpg,2025:10:19 13:38:06,87389f6e01ad26c7
KakaoTalk_20251019_171338299_04.jpg,2025:10:19 13:40:07,8d20b6e561d0e55f
KakaoTalk_20251019_171338299_05.jpg,2025:10:19 13:40:15,d3d3b9ac04c2727a
KakaoTalk_20251019_171338299_06.jpg,2025:10:19 13:40:16,9c9cc3232ebcdc38
KakaoTalk_20251019_171338299_07.jpg,2025:10:19 13:54:14,c037ad35bd2530ce
KakaoTalk_20251019_171338299_08.jpg,2025:10:19 13:54:21,ca29d6255ead163c
KakaoTalk_20251019_171338299_09.jpg,2025:10:19 14:51:52,f1f6268973ab2264
KakaoTalk_20251019_171338299_10.jpg,2025:10:19 14:51:56,f34686708f334cce
KakaoTalk_20251019_171338299_11.jpg,2025:10:19 17:09:00,c6e0b79f6097c8c4
KakaoTalk_20251019_171338299_12.jpg,2025:10:19 17:09:01,c7e0b79f6097c844
KakaoTalk_20251019_172719219.jpg,2025:10:19 10:29:00,869e06675686ec37
KakaoTalk_20251019_172719219_01.jpg,2025:10:19 10:29:05,ac9a9c4f60c5cf94
KakaoTalk_20251019_172719219_02.jpg,2025:10:19 10:29:07,db80654f61b1395e
KakaoTalk_20251019_172719219_03.jpg,2025:10:19 10:48:50,8991f4701b2eb38f
KakaoTalk_20251019_172719219_04.jpg,2025:10:19 10:48:52,b19c973d8143abe1
KakaoTalk_20251019_172719219_05.jpg,2025:10:19 10:48:57,80cd7ed87d80923f
KakaoTalk_20251019_172719219_06.jpg,2025:10:19 11:18:08,d19ed1184297acf3
KakaoTalk_20251019_172719219_07.jpg,2025:10:19 11:18:10,90afd60c6187bee8
KakaoTalk_20251019_172719219_08.jpg,2025:10:19 11:18:15,e9ced31425f16a25
KakaoTalk_20251019_172719219_09.jpg,2025:10:19 11:18:21,d335ad2a51d1e686
KakaoTalk_20251019_172719219_10.jpg,2025:10:19 11:26:15,98f327064c71f39a
KakaoTalk_20251019_172719219_11.jpg,2025:10:19 11:38:21,ccb7a1094d665bd1
KakaoTalk_20251019_172719219_12.jpg,2025:10:19 11:38:29,d62b51e189137ec6
KakaoTalk_20251019_172719219_13.jpg,2025:10:19 13:39:50,a1e27399968b437a
KakaoTalk_20251019_172719219_14.jpg,2025:10:19 14:10:55,cdde864d4e8c49ca
KakaoTalk_20251019_172719219_15.jpg,2025:10:19 14:10:57,dfbc8c4d4cd4498a
KakaoTalk_20251019_172719219_16.jpg,2025:10:19 14:11:06,d6fc2e233370b12a
KakaoTalk_20251019_172719219_17.jpg,2025:10:19 14:11:25,e4c663751d0a9e1d
KakaoTalk_20251019_172719219_18.jpg,2025:10:19 14:13:30,f34c9cb2cc333721
KakaoTalk_20251019_172719219_19.jpg,2025:10:19 14:13:31,e7489ca689933e2e
KakaoTalk_20251019_172719219_20.jpg,2025:10:19 14:13:43,f40bc9a6f98b684c
KakaoTalk_20251019_172719219_21.jpg,2025:10:19 14:13:51,adc4f86017aace74
KakaoTalk_20251019_172719219_22.jpg,2025:10:19 14:25:38,c4cceed81913b635
KakaoTalk_20251019_172719219_23.jpg,2025:10:19 14:25:40,c7c4ea1a0dd1b23d
KakaoTalk_20251019_172719219_24.jpg,2025:10:19 14:53:07,e1cd4c0e670f0eec
KakaoTalk_20251019_172719219_25.jpg,2025:10:19 14:53:57,f5a871735c184c5b
KakaoTalk_20251019_173643169.jpg,2025:10:19 10:09:29,e349add1363229b6
KakaoTalk_20251019_173643169_01.jpg,2025:10:19 10:53:02,e6c99888ec6366b6
KakaoTalk_20251019_173643169_02.jpg,2025:10:19 11:09:34,e70eb29bceb29209
KakaoTalk_20251019_173643169_03.jpg,2025:10:19 11:49:26,c6b949b43c7f091a
KakaoTalk_20251019_173643169_04.jpg,2025:10:19 11:55:19,8b28ee4c7e8af194
KakaoTalk_20251019_173643169_05.jpg,2025:10:19 11:55:33,8fe88e4bc63b9036
KakaoTalk_20251019_173643169_06.jpg,2025:10:19 12:45:06,d8c16beeb4351266
KakaoTalk_20251019_173643169_07.jpg,2025:10:19 12:45:10,c3fe67c3c1c4d038
KakaoTalk_20251019_173643169_08.jpg,2025:10:19 12:45:12,ccc371381f381f87
KakaoTalk_20251019_173643169_09.jpg,2025:10:19 14:12:48,c6486ab6c85da69e
KakaoTalk_20251019_173643169_10.jpg,2025:10:19 16:53:21,e396af2790d44d64
KakaoTalk_20251019_173643169_11.jpg,2025:10:19 16:53:23,e7daa2259898cf46
KakaoTalk_20251019_173643169_12.jpg,2025:10:19 16:53:25,fd82b23d8aebc502
KakaoTalk_20251019_173643169_13.jpg,2025:10:19 16:53:26,fd82b23d8fcac502
KakaoTalk_20251019_173643169_14.jpg,2025:10:19 16:53:28,d99eb6291cc2ef40
KakaoTalk_20251019_173643169_15.jpg,2025:10:19 16:53:28,c9beb6291cc2ef40
KakaoTalk_20251019_173643169_16.jpg,2025:10:19 17:09:43,c91e279b1b27646c
KakaoTalk_20251019_173643169_17.jpg,2025:10:19 17:19:39,cdde73d8c6996021
KakaoTalk_20251019_173643169_18.jpg,2025:10:19 17:23:51,ef3f31c08b267c60
KakaoTalk_20251019_185227727.jpg,2025:10:19 17:03:33,89d3d10993b66765
KakaoTalk_20251019_185227727_01.jpg,2025:10:19 17:03:32,8dd2d16893b26667
KakaoTalk_20251019_185227727_02.jpg,2025:10:19 17:03:35,88d3d12b93b66665
KakaoTalk_20251019_185227727_03.jpg,2025:10:19 16:55:10,a9f2857a98a71ad1
KakaoTalk_20251019_185227727_04.jpg,2025:10:19 10:10:03,89f05f2542ace778
KakaoTalk_20251019_190327292.jpg,2025:10:19 11:01:33,dcd6b0b3292126ee
KakaoTalk_20251019_190327292_01.jpg,2025:10:19 11:01:34,d6d2b1b12d2167c6
KakaoTalk_20251019_190327292_02.jpg,2025:10:19 11:09:00,ace7a3387e85b848
KakaoTalk_20251019_190327292_03.jpg,2025:10:19 11:10:05,a1df8c68d683fc50
KakaoTalk_20251019_190327292_04.jpg,2025:10:19 11:23:43,e0ed564a96d26d61
KakaoTalk_20251019_190327292_05.jpg,2025:10:19 11:23:44,bab5b05265858acf
KakaoTalk_20251019_190327292_06.jpg,2025:10:19 13:04:54,fa858671601399fb
KakaoTalk_20251019_190327292_07.jpg,2025:10:19 14:15:18,d44a8bbd3416c769
KakaoTalk_20251019_190327292_08.jpg,2025:10:19 14:15:20,d744a8bb3b48e465
KakaoTalk_20251019_190327292_09.jpg,2025:10:19 14:15:20,de45a0be3b43cc4c
KakaoTalk_20251019_190327292_10.jpg,2025:10:19 16:24:46,e284d96b94a47b1d
KakaoTalk_20251019_190327292_11.jpg,2025:10:19 16:24:48,83ac2b7196cd6b94
KakaoTalk_20251019_190327292_12.jpg,2025:10:19 16:26:13,aee5996b16e52c12
KakaoTalk_20251019_190327292_13.jpg,2025:10:19 16:36:32,ecd993ae7a5204a5
KakaoTalk_20251019_190327292_14.jpg,2025:10:19 17:17:10,a4a4dbd285199f9c
KakaoTalk_20251019_190327292_15.jpg,2025:10:19 17:22:12,99a12e6a7ccd4f42
KakaoTalk_20251019_194810114.jpg,2025:10:19 17:18:56,e8b830e0a21cddfb
KakaoTalk_20251019_194810114_01.jpg,2025:10:19 17:05:07,82d138cc56a5eb5e
KakaoTalk_20251019_194810114_02.jpg,2025:10:19 16:24:50,e9dfa5b1a6845254
KakaoTalk_20251019_194810114_03.jpg,2025:10:19 16:24:49,e9d787b1b2a4505a
KakaoTalk_20251019_194810114_04.jpg,2025:10:19 16:24:48,e9d3a7b930c6c451
KakaoTalk_20251019_194810114_05.jpg,2025:10:19 15:11:09,90983c3d9c55d74e
KakaoTalk_20251019_194810114_06.jpg,2025:10:19 15:11:08,94b7727ab35a88d0
KakaoTalk_20251019_194810114_07.jpg,2025:10:19 15:11:04,9591383db8782df8
KakaoTalk_20251019_194810114_08.jpg,2025:10:19 15:04:40,fc98a32759685ca6
KakaoTalk_20251019_194810114_09.jpg,2025:10:19 15:04:34,eb42a92dd42972d6
KakaoTalk_20251019_194810114_10.jpg,2025:10:19 15:04:29,faaf276c860348d3
KakaoTalk_20251019_194810114_11.jpg,2025:10:19 15:04:26,cb69a7f11336c88c
KakaoTalk_20251019_194810114_12.jpg,2025:10:19 15:04:24,ca69afe11792c98c
KakaoTalk_20251019_194810114_13.jpg,2025:10:19 15:04:22,dbe80d8278f884ee
KakaoTalk_20251019_194810114_14.jpg,2025:10:19 14:14:21,e437e8b6364b062e
KakaoTalk_20251019_194810114_15.jpg,2025:10:19 14:14:20,e436e0b6365b4696
KakaoTalk_20251019_194810114_16.jpg,2025:10:19 14:14:18,b21376e0f13b986c
KakaoTalk_20251019_194810114_17.jpg,2025:10:19 14:03:22,fa454eb0f46c6558
KakaoTalk_20251019_194810114_18.jpg,2025:10:19 14:03:19,9f8ca4197ac3acb1
KakaoTalk_20251019_194810114_19.jpg,2025:10:19 14:03:18,dc7387c9d8ccc4e0
KakaoTalk_20251019_194810114_20.jpg,2025:10:19 09:55:20,ca2ed5785c80df94
KakaoTalk_20251019_194810114_21.jpg,2025:10:19 09:37:00,d81867776770614e
KakaoTalk_20251019_194810114_22.jpg,2025:10:19 09:26:01,e13cff09fd00f221
KakaoTalk_20251019_194810114_23.jpg,,aea9d7507e2f0780
KakaoTalk_20251019_200205937.jpg,2025:10:19 17:09:50,bbb1b438adab8254
KakaoTalk_20251019_200205937_01.jpg,2025:10:19 17:09:49,bbb1b438adaac254
KakaoTalk_20251019_200205937_02.jpg,2025:10:19 17:09:48,bbb1b438adaac254
KakaoTalk_20251019_200205937_03.jpg,2025:10:19 17:09:21,aaa7b53948ea9255
KakaoTalk_20251019_200205937_04.jpg,2025:10:19 17:12:35,d40a6f614add99e8
KakaoTalk_20251019_200843336.jpg,2025:10:19 14:50:27,c9d97658b6ac2a64
KakaoTalk_20251019_200843336_01.jpg,2025:10:19 14:45:06,e20ea4989c76b2e7
KakaoTalk_20251019_200843336_02.jpg,2025:10:19 11:44:15,ea2759b4b552cc52
KakaoTalk_20251019_200843336_03.jpg,2025:10:19 10:37:18,f45b2ba4b2a54996
KakaoTalk_20251019_211341134.jpg,2025:10:19 12:29:25,c3aa8c74349e6b99
KakaoTalk_20251019_211341134_01.jpg,2025:10:19 11:43:44,eecc7232083b9796
KakaoTalk_20251019_211341134_02.jpg,2025:10:19 14:24:20,eeef217c28839545
KakaoTalk_20251019_222542881.jpg,2025:10:19 17:09:47,f11c92d39964e399
KakaoTalk_20251019_222542881_01.jpg,2025:10:19 17:07:33,b828b72d609b9379
KakaoTalk_20251019_222542881_02.jpg,2025:10:19 16:53:10,f1bb0d20b2b14bdc
KakaoTalk_20251019_222542881_03.jpg,2025:10:19 10:09:59,cc142eddad5635a4
