cluster_id,count,filenames
0,1,01.ready.jpg
1,1,KakaoTalk_20251019_114318077.jpg
2,2,KakaoTalk_20251019_114318077_01.jpg;KakaoTalk_20251019_114318077_02.jpg
3,1,KakaoTalk_20251019_114318077_03.jpg
4,1,KakaoTalk_20251019_114318077_04.jpg
5,1,KakaoTalk_20251019_114318077_05.jpg
6,2,KakaoTalk_20251019_114318077_06.jpg;KakaoTalk_20251019_114318077_07.jpg
7,1,KakaoTalk_20251019_114318077_08.jpg
8,1,KakaoTalk_20251019_114318077_09.jpg
9,1,KakaoTalk_20251019_114318077_10.jpg
10,1,KakaoTalk_20251019_114318077_11.jpg
11,2,KakaoTalk_20251019_114318077_12.jpg;KakaoTalk_20251019_114318077_13.jpg
12,1,KakaoTalk_20251019_114318077_14.jpg
13,1,KakaoTalk_20251019_114318077_15.jpg
14,1,KakaoTalk_20251019_114318077_16.jpg
15,1,KakaoTalk_20251019_114318077_17.jpg
16,1,KakaoTalk_20251019_114318077_18.jpg
17,1,KakaoTalk_20251019_114318077_19.jpg
18,1,KakaoTalk_20251019_114318077_20.jpg
19,1,KakaoTalk_20251019_114318077_21.jpg
20,1,KakaoTalk_20251019_114318077_22.jpg
21,1,KakaoTalk_20251019_114318077_23.jpg
22,3,KakaoTalk_20251019_114318077_24.jpg;KakaoTalk_20251019_114318077_25.jpg;KakaoTalk_20251019_114318077_26.jpg
23,2,KakaoTalk_20251019_114318077_27.jpg;KakaoTalk_20251019_114318077_28.jpg
24,1,KakaoTalk_20251019_114318077_29.jpg
25,1,KakaoTalk_20251019_114939822.jpg
26,2,KakaoTalk_20251019_114939822_01.jpg;KakaoTalk_20251019_114939822_02.jpg
27,2,KakaoTalk_20251019_114939822_03.jpg;KakaoTalk_20251019_114939822_04.jpg
28,1,KakaoTalk_20251019_114939822_05.jpg
29,1,KakaoTalk_20251019_132901748.jpg
30,2,KakaoTalk_20251019_142837332.jpg;KakaoTalk_20251019_142837332_02.jpg
31,1,KakaoTalk_20251019_142837332_01.jpg
32,1,KakaoTalk_20251019_142837332_03.jpg
33,1,KakaoTalk_20251019_142837332_04.jpg
34,1,KakaoTalk_20251019_171338299.jpg
35,1,KakaoTalk_20251019_171338299_01.jpg
36,1,KakaoTalk_20251019_171338299_02.jpg
37,1,KakaoTalk_20251019_171338299_03.jpg
38,1,KakaoTalk_20251019_171338299_04.jpg
39,1,KakaoTalk_20251019_171338299_05.jpg
40,1,KakaoTalk_20251019_171338299_06.jpg
41,1,KakaoTalk_20251019_171338299_07.jpg
42,1,KakaoTalk_20251019_171338299_08.jpg
43,1,KakaoTalk_20251019_171338299_09.jpg
44,1,KakaoTalk_20251019_171338299_10.jpg
45,2,KakaoTalk_20251019_171338299_11.jpg;KakaoTalk_20251019_171338299_12.jpg
46,1,KakaoTalk_20251019_172719219.jpg
47,1,KakaoTalk_20251019_172719219_01.jpg
48,1,KakaoTalk_20251019_172719219_02.jpg
49,1,KakaoTalk_20251019_172719219_03.jpg
50,1,KakaoTalk_20251019_172719219_04.jpg
51,1,KakaoTalk_20251019_172719219_05.jpg
52,1,KakaoTalk_20251019_172719219_06.jpg
53,1,KakaoTalk_20251019_172719219_07.jpg
54,1,KakaoTalk_20251019_172719219_08.jpg
55,1,KakaoTalk_20251019_172719219_09.jpg
56,1,KakaoTalk_20251019_172719219_10.jpg
57,1,KakaoTalk_20251019_172719219_11.jpg
58,1,KakaoTalk_20251019_172719219_12.jpg
59,1,KakaoTalk_20251019_172719219_13.jpg
60,1,KakaoTalk_20251019_172719219_14.jpg
61,1,KakaoTalk_20251019_172719219_15.jpg
62,1,KakaoTalk_20251019_172719219_16.jpg
63,1,KakaoTalk_20251019_172719219_17.jpg
64,1,KakaoTalk_20251019_172719219_18.jpg
65,1,KakaoTalk_20251019_172719219_19.jpg
66,1,KakaoTalk_20251019_172719219_20.jpg
67,1,KakaoTalk_20251019_172719219_21.jpg
68,1,KakaoTalk_20251019_172719219_22.jpg
69,1,KakaoTalk_20251019_172719219_23.jpg
70,1,KakaoTalk_20251019_172719219_24.jpg
71,1,KakaoTalk_20251019_172719219_25.jpg
72,1,KakaoTalk_20251019_173643169.jpg
73,1,KakaoTalk_20251019_173643169_01.jpg
74,1,KakaoTalk_20251019_173643169_02.jpg
75,1,KakaoTalk_20251019_173643169_03.jpg
76,1,KakaoTalk_20251019_173643169_04.jpg
77,1,KakaoTalk_20251019_173643169_05.jpg
78,1,KakaoTalk_20251019_173643169_06.jpg
79,1,KakaoTalk_20251019_173643169_07.jpg
80,1,KakaoTalk_20251019_173643169_08.jpg
81,1,KakaoTalk_20251019_173643169_09.jpg
82,1,KakaoTalk_20251019_173643169_10.jpg
83,1,KakaoTalk_20251019_173643169_11.jpg
84,2,KakaoTalk_20251019_173643169_12.jpg;KakaoTalk_20251019_173643169_13.jpg
85,2,KakaoTalk_20251019_173643169_14.jpg;KakaoTalk_20251019_173643169_15.jpg
86,1,KakaoTalk_20251019_173643169_16.jpg
87,1,KakaoTalk_20251019_173643169_17.jpg
88,1,KakaoTalk_20251019_173643169_18.jpg
89,2,KakaoTalk_20251019_185227727.jpg;KakaoTalk_20251019_185227727_02.jpg
90,1,KakaoTalk_20251019_185227727_01.jpg
91,1,KakaoTalk_20251019_185227727_03.jpg
92,1,KakaoTalk_20251019_185227727_04.jpg
93,1,KakaoTalk_20251019_190327292.jpg
94,1,KakaoTalk_20251019_190327292_01.jpg
95,1,KakaoTalk_20251019_190327292_02.jpg
96,1,KakaoTalk_20251019_190327292_03.jpg
97,1,KakaoTalk_20251019_190327292_04.jpg
98,1,KakaoTalk_20251019_190327292_05.jpg
99,1,KakaoTalk_20251019_190327292_06.jpg
100,1,KakaoTalk_20251019_190327292_07.jpg
101,1,KakaoTalk_20251019_190327292_08.jpg
102,1,KakaoTalk_20251019_190327292_09.jpg
103,1,KakaoTalk_20251019_190327292_10.jpg
104,1,KakaoTalk_20251019_190327292_11.jpg
105,1,KakaoTalk_20251019_190327292_12.jpg
106,1,KakaoTalk_20251019_190327292_13.jpg
107,1,KakaoTalk_20251019_190327292_14.jpg
108,1,KakaoTalk_20251019_190327292_15.jpg
109,1,KakaoTalk_20251019_194810114.jpg
110,1,KakaoTalk_20251019_194810114_01.jpg
111,1,KakaoTalk_20251019_194810114_02.jpg
112,1,KakaoTalk_20251019_194810114_03.jpg
113,1,KakaoTalk_20251019_194810114_04.jpg
114,1,KakaoTalk_20251019_194810114_05.jpg
115,1,KakaoTalk_20251019_194810114_06.jpg
116,1,KakaoTalk_20251019_194810114_07.jpg
117,1,KakaoTalk_20251019_194810114_08.jpg
118,1,KakaoTalk_20251019_194810114_09.jpg
119,1,KakaoTalk_20251019_194810114_10.jpg
120,1,KakaoTalk_20251019_194810114_11.jpg
121,1,KakaoTalk_20251019_194810114_12.jpg
122,1,KakaoTalk_20251019_194810114_13.jpg
123,1,KakaoTalk_20251019_194810114_14.jpg
124,1,KakaoTalk_20251019_194810114_15.jpg
125,1,KakaoTalk_20251019_194810114_16.jpg
126,1,KakaoTalk_20251019_194810114_17.jpg
127,1,KakaoTalk_20251019_194810114_18.jpg
128,1,KakaoTalk_20251019_194810114_19.jpg
129,1,KakaoTalk_20251019_194810114_20.jpg
130,1,KakaoTalk_20251019_194810114_21.jpg
131,1,KakaoTalk_20251019_194810114_22.jpg
132,1,KakaoTalk_20251019_194810114_23.jpg
133,3,KakaoTalk_20251019_200205937.jpg;KakaoTalk_20251019_200205937_01.jpg;KakaoTalk_20251019_200205937_02.jpg
134,1,KakaoTalk_20251019_200205937_03.jpg
135,1,KakaoTalk_20251019_200205937_04.jpg
136,1,KakaoTalk_20251019_200843336.jpg
137,1,KakaoTalk_20251019_200843336_01.jpg
138,1,KakaoTalk_20251019_200843336_02.jpg
139,1,KakaoTalk_20251019_200843336_03.jpg
140,1,KakaoTalk_20251019_211341134.jpg
141,1,KakaoTalk_20251019_211341134_01.jpg
142,1,KakaoTalk_20251019_211341134_02.jpg
143,1,KakaoTalk_20251019_222542881.jpg
144,1,KakaoTalk_20251019_222542881_01.jpg
145,1,KakaoTalk_20251019_222542881_02.jpg
146,1,KakaoTalk_20251019_222542881_03.jpg
